Time,Soil,Temperature,Humidity,Light,Water,Pump,Alerts
2026-06-13 15:45:22.242540,73,37,50,656,60,OFF,High Temperature
2026-06-13 15:45:28.788066,92,38,72,900,34,OFF,High Temperature
2026-06-13 15:45:36.049368,70,25,85,418,16,OFF,Low Water Level
2026-06-13 15:45:43.382573,53,26,38,618,37,OFF,
2026-06-13 15:45:50.325977,67,25,70,852,77,OFF,
2026-06-13 15:45:57.513897,74,27,54,575,94,OFF,
2026-06-13 15:46:03.614194,99,24,80,243,20,OFF,
2026-06-13 15:46:09.804159,89,23,40,388,33,OFF,
2026-06-13 15:46:16.621384,31,28,43,801,16,OFF,Low Water Level
2026-06-13 15:48:17.629928,90,38,57,811,64,OFF,High Temperature
2026-06-13 15:48:23.968501,95,44,55,481,81,OFF,High Temperature
2026-06-13 15:48:30.095310,33,44,32,235,29,OFF,High Temperature
2026-06-13 15:48:36.230427,41,43,31,231,79,OFF,High Temperature
2026-06-13 15:48:42.377561,14,38,67,254,55,ON,"Low Soil Moisture,High Temperature"
2026-06-13 15:48:48.517334,16,42,84,236,27,ON,"Low Soil Moisture,High Temperature"
2026-06-13 15:48:54.586012,48,42,34,491,70,OFF,High Temperature
2026-06-13 15:49:00.703466,99,31,53,520,57,OFF,
2026-06-13 15:49:06.851100,12,21,41,155,65,ON,Low Soil Moisture
2026-06-13 15:49:12.892980,39,34,54,485,48,OFF,
2026-06-13 15:49:19.033314,89,45,44,583,29,OFF,High Temperature
2026-06-13 15:49:25.179047,88,26,67,737,70,OFF,
2026-06-13 15:49:31.325043,53,41,45,573,71,OFF,High Temperature
2026-06-13 15:49:37.465721,41,35,62,989,15,OFF,Low Water Level
2026-06-13 15:49:43.407318,19,28,90,333,47,ON,Low Soil Moisture
2026-06-13 15:49:49.653860,62,33,58,203,28,OFF,
2026-06-13 15:49:55.797314,94,33,61,300,100,OFF,
2026-06-13 15:50:01.939572,89,41,42,748,15,OFF,"High Temperature,Low Water Level"
2026-06-13 15:50:08.083475,30,35,74,625,60,OFF,
2026-06-13 15:50:14.227094,52,34,30,306,69,OFF,
2026-06-13 15:50:20.276918,89,23,65,603,80,OFF,
2026-06-13 15:50:26.339855,17,41,82,606,54,ON,"Low Soil Moisture,High Temperature"
2026-06-13 16:42:46.729642,34,21,78,201,87,OFF,
2026-06-13 16:42:52.703648,12,45,77,511,34,ON,"Low Soil Moisture,High Temperature"
2026-06-13 16:42:58.889201,52,24,49,370,15,OFF,Low Water Level
2026-06-13 16:43:05.083909,84,36,50,574,95,OFF,High Temperature
2026-06-13 16:43:11.447200,41,32,54,237,80,OFF,
2026-06-13 16:43:17.724957,80,35,65,409,86,OFF,
2026-06-13 16:43:23.923204,48,23,82,163,61,OFF,
2026-06-13 16:43:30.103810,46,42,79,688,76,OFF,High Temperature
2026-06-13 16:43:36.378281,79,20,45,544,64,OFF,
2026-06-13 16:43:42.716892,37,21,45,784,71,OFF,
2026-06-13 16:43:48.889708,65,23,79,689,81,OFF,
2026-06-13 16:43:55.068581,31,26,79,716,69,OFF,
2026-06-13 16:44:01.304663,14,33,70,710,89,ON,Low Soil Moisture
2026-06-13 16:44:07.509767,85,45,48,272,51,OFF,High Temperature
2026-06-13 16:44:13.686299,74,44,60,310,25,OFF,High Temperature
2026-06-13 16:44:19.890428,63,44,79,650,78,OFF,High Temperature
2026-06-13 16:44:26.032931,16,40,57,322,19,ON,"Low Soil Moisture,High Temperature,Low Water Level"
2026-06-13 16:44:32.255882,85,43,52,892,70,OFF,High Temperature
2026-06-13 16:44:38.401794,38,41,90,441,52,OFF,High Temperature
2026-06-13 16:44:44.525784,96,21,45,493,26,OFF,
2026-06-13 16:44:50.735099,93,40,86,188,62,OFF,High Temperature
2026-06-13 16:44:56.877418,69,20,63,688,35,OFF,
2026-06-13 16:45:02.977143,95,44,88,776,55,OFF,High Temperature
2026-06-13 16:45:08.843093,53,24,49,564,61,OFF,
2026-06-13 16:45:14.728784,79,21,67,397,73,OFF,
2026-06-13 16:45:20.663526,82,37,56,988,48,OFF,High Temperature
2026-06-13 16:45:26.794844,75,33,73,172,53,OFF,
2026-06-13 16:45:32.920598,72,38,61,680,41,OFF,High Temperature
2026-06-13 16:45:38.756811,15,22,44,901,28,ON,Low Soil Moisture
2026-06-13 16:45:44.673375,87,27,56,434,98,OFF,
2026-06-13 16:45:50.851775,48,24,78,940,80,OFF,
2026-06-13 16:45:56.713802,52,27,49,596,74,OFF,
2026-06-13 16:46:02.624850,53,40,74,167,15,OFF,"High Temperature,Low Water Level"
2026-06-13 16:46:08.568221,93,42,43,766,42,OFF,High Temperature
2026-06-13 16:46:14.472586,63,39,61,915,57,OFF,High Temperature
2026-06-13 16:46:20.367652,14,25,60,364,61,ON,Low Soil Moisture
2026-06-13 16:46:26.306979,75,43,57,620,92,OFF,High Temperature
2026-06-13 16:46:32.137858,87,33,46,245,25,OFF,
2026-06-13 16:46:37.980538,27,34,33,926,76,ON,Low Soil Moisture
2026-06-13 16:46:43.874002,47,26,66,876,67,OFF,
2026-06-13 16:46:50.038826,12,32,34,644,63,ON,Low Soil Moisture
2026-06-13 16:46:56.716769,39,31,90,301,22,OFF,
2026-06-13 16:47:02.946720,41,27,73,630,62,OFF,
2026-06-13 16:47:09.119111,24,42,65,826,87,ON,"Low Soil Moisture,High Temperature"
2026-06-13 16:47:15.305339,37,34,78,714,45,OFF,
2026-06-13 16:47:21.437721,79,25,40,484,18,OFF,Low Water Level
2026-06-13 16:47:27.655273,13,42,61,669,46,ON,"Low Soil Moisture,High Temperature"
2026-06-13 16:47:33.895753,19,20,58,403,78,ON,Low Soil Moisture
2026-06-13 16:47:40.037292,34,29,58,375,53,OFF,
2026-06-13 16:47:46.289228,16,33,57,842,17,ON,"Low Soil Moisture,Low Water Level"
2026-06-13 16:47:52.448973,39,42,39,621,25,OFF,High Temperature
2026-06-13 16:47:58.598162,21,30,86,532,33,ON,Low Soil Moisture
2026-06-13 16:48:04.733435,72,27,78,1000,77,OFF,
2026-06-13 16:48:10.937388,59,20,49,362,92,OFF,
2026-06-13 16:48:17.117440,72,24,85,796,24,OFF,
2026-06-13 16:48:23.449009,71,34,67,354,78,OFF,
2026-06-13 16:48:29.557963,63,35,50,212,37,OFF,
2026-06-13 16:48:35.764419,72,29,81,951,48,OFF,
2026-06-13 16:48:42.046903,58,42,58,329,63,OFF,High Temperature
2026-06-13 16:48:47.989248,94,29,74,900,94,OFF,
2026-06-13 16:48:53.841823,23,38,65,300,67,ON,"Low Soil Moisture,High Temperature"
2026-06-13 16:48:59.720303,69,38,76,642,25,OFF,High Temperature
2026-06-13 16:49:05.981384,59,45,61,812,73,OFF,High Temperature
2026-06-13 16:49:12.236048,69,41,55,884,71,OFF,High Temperature
2026-06-13 16:49:18.553933,65,26,63,198,39,OFF,
2026-06-13 16:49:24.724576,31,39,58,858,49,OFF,High Temperature
2026-06-13 16:49:31.140975,59,32,66,673,71,OFF,
2026-06-13 16:49:37.329135,73,25,30,792,43,OFF,
2026-06-13 16:49:43.487175,64,34,50,319,38,OFF,
2026-06-13 16:49:49.807468,36,33,75,267,97,OFF,
2026-06-13 16:49:56.064995,83,33,90,695,74,OFF,
2026-06-13 16:50:02.309703,93,40,65,441,98,OFF,High Temperature
2026-06-13 16:50:08.580231,32,36,45,883,90,OFF,High Temperature
2026-06-13 16:50:14.824713,42,44,35,435,48,OFF,High Temperature
2026-06-13 16:50:21.148012,26,29,30,492,89,ON,Low Soil Moisture
2026-06-13 16:50:27.370817,28,27,41,365,36,ON,Low Soil Moisture
2026-06-13 16:50:33.691570,93,36,63,770,66,OFF,High Temperature
2026-06-13 16:50:39.903287,82,37,48,134,38,OFF,High Temperature
2026-06-13 16:50:46.127407,51,44,37,668,85,OFF,High Temperature
2026-06-13 16:50:52.369075,66,40,68,636,20,OFF,High Temperature
2026-06-13 16:50:58.616226,50,23,32,300,39,OFF,
2026-06-13 16:51:04.850044,18,32,76,450,13,ON,"Low Soil Moisture,Low Water Level"
2026-06-13 16:51:11.112718,77,44,47,400,35,OFF,High Temperature
2026-06-13 16:51:17.356310,64,25,75,930,73,OFF,
2026-06-13 16:51:23.594040,13,45,54,689,11,ON,"Low Soil Moisture,High Temperature,Low Water Level"
2026-06-13 16:51:29.935508,15,36,51,772,26,ON,"Low Soil Moisture,High Temperature"
2026-06-13 16:51:36.244993,66,30,81,584,96,OFF,
2026-06-13 16:51:42.376172,46,21,78,731,94,OFF,
2026-06-13 16:51:48.610659,59,44,72,387,56,OFF,High Temperature
2026-06-13 16:51:54.765556,43,40,88,421,73,OFF,High Temperature
2026-06-13 16:52:00.983654,32,28,34,625,80,OFF,
2026-06-13 16:52:07.233207,65,27,50,895,15,OFF,Low Water Level
2026-06-13 16:52:13.382733,35,34,40,192,100,OFF,
2026-06-13 16:52:19.678934,47,33,88,308,64,OFF,
2026-06-13 16:52:26.536534,76,36,31,895,24,OFF,High Temperature
2026-06-13 16:52:32.845941,22,36,78,463,80,ON,"Low Soil Moisture,High Temperature"
2026-06-13 16:52:39.174541,28,37,49,547,41,ON,"Low Soil Moisture,High Temperature"
2026-06-13 16:52:45.466067,41,32,44,302,64,OFF,
2026-06-13 16:52:51.957941,78,28,75,957,100,OFF,
2026-06-13 16:52:58.599827,91,29,66,406,77,OFF,
2026-06-13 16:53:04.477154,47,38,79,171,58,OFF,High Temperature
2026-06-13 16:53:10.875203,83,40,54,448,72,OFF,High Temperature
2026-06-13 16:53:17.139386,84,22,85,129,62,OFF,
2026-06-13 16:53:22.999619,54,34,50,754,69,OFF,
2026-06-13 16:53:28.928275,28,27,34,915,17,ON,"Low Soil Moisture,Low Water Level"
2026-06-13 16:53:34.795008,65,39,57,547,90,OFF,High Temperature
2026-06-13 16:53:41.038908,62,35,78,762,10,OFF,Low Water Level
2026-06-13 16:53:47.210421,25,27,41,505,69,ON,Low Soil Moisture
2026-06-13 16:53:53.447892,95,24,41,186,69,OFF,
2026-06-13 16:54:00.311617,70,34,36,373,20,OFF,
2026-06-13 16:54:06.662279,71,23,55,267,26,OFF,
2026-06-13 16:54:12.709457,29,26,46,578,69,ON,Low Soil Moisture
2026-06-13 16:54:18.930870,73,42,41,795,40,OFF,High Temperature
2026-06-13 16:54:25.944956,31,34,55,957,52,OFF,
2026-06-13 16:54:32.186089,75,36,62,807,71,OFF,High Temperature
2026-06-13 16:54:38.840339,67,37,87,574,84,OFF,High Temperature
2026-06-13 16:54:45.102962,41,33,57,362,14,OFF,Low Water Level
2026-06-13 16:54:51.299197,28,27,51,857,67,ON,Low Soil Moisture
2026-06-13 16:54:57.461607,93,24,75,934,59,OFF,
2026-06-13 16:55:03.376356,20,24,45,338,59,ON,Low Soil Moisture
2026-06-13 16:55:09.622015,37,30,65,279,13,OFF,Low Water Level
2026-06-13 16:55:15.834063,100,43,71,945,12,OFF,"High Temperature,Low Water Level"
2026-06-13 16:55:22.075633,47,30,61,537,64,OFF,
2026-06-13 16:55:28.302478,43,40,38,595,79,OFF,High Temperature
2026-06-13 16:55:34.489806,95,45,64,583,21,OFF,High Temperature
2026-06-13 16:55:40.398224,27,25,47,604,92,ON,Low Soil Moisture
2026-06-13 16:55:46.338988,42,34,78,867,50,OFF,
2026-06-13 16:55:52.529073,56,30,38,808,26,OFF,
2026-06-13 16:55:58.752406,86,38,46,218,38,OFF,High Temperature
2026-06-13 16:56:04.928300,100,33,37,613,78,OFF,
2026-06-13 16:56:11.227984,84,25,85,211,56,OFF,
2026-06-13 16:56:17.519214,85,33,60,580,27,OFF,
2026-06-13 16:56:23.716599,83,24,74,680,49,OFF,
2026-06-13 16:56:29.927648,24,43,79,715,46,ON,"Low Soil Moisture,High Temperature"
2026-06-13 16:56:36.122140,20,26,42,609,59,ON,Low Soil Moisture
2026-06-13 16:56:42.363005,94,23,85,204,10,OFF,Low Water Level
2026-06-13 16:56:48.677717,17,38,48,645,63,ON,"Low Soil Moisture,High Temperature"
2026-06-13 16:56:54.921811,47,26,30,496,29,OFF,
2026-06-13 16:57:01.213387,18,42,44,404,78,ON,"Low Soil Moisture,High Temperature"
2026-06-13 16:57:07.488831,74,44,37,992,52,OFF,High Temperature
2026-06-13 16:57:13.603088,90,45,36,484,48,OFF,High Temperature
2026-06-13 16:57:19.525577,66,35,83,873,64,OFF,
2026-06-13 16:57:25.672030,57,25,33,591,44,OFF,
2026-06-13 16:57:31.820924,32,26,79,335,81,OFF,
2026-06-13 16:57:37.987952,11,23,62,538,27,ON,Low Soil Moisture
2026-06-13 16:57:44.112886,75,35,72,359,99,OFF,
2026-06-13 16:57:50.397904,36,35,61,101,60,OFF,
2026-06-13 16:57:56.604160,91,28,32,561,36,OFF,
2026-06-13 16:58:03.397830,27,42,65,178,96,ON,"Low Soil Moisture,High Temperature"
2026-06-13 16:58:09.599292,55,38,58,895,31,OFF,High Temperature
2026-06-13 16:58:15.769889,78,28,39,428,24,OFF,
2026-06-13 16:58:21.956598,73,36,51,333,92,OFF,High Temperature
2026-06-13 16:58:28.079921,27,45,68,128,33,ON,"Low Soil Moisture,High Temperature"
2026-06-13 16:58:33.956161,41,35,51,656,43,OFF,
2026-06-13 16:58:39.913404,22,43,69,164,99,ON,"Low Soil Moisture,High Temperature"
2026-06-13 16:58:46.102973,64,44,80,743,26,OFF,High Temperature
2026-06-13 16:58:52.346077,56,20,33,909,96,OFF,
2026-06-13 16:58:58.500013,67,28,62,774,86,OFF,
2026-06-13 16:59:04.369732,93,34,90,757,63,OFF,
2026-06-13 16:59:10.285753,89,21,56,661,95,OFF,
2026-06-13 16:59:16.415356,31,40,55,383,16,OFF,"High Temperature,Low Water Level"
2026-06-13 16:59:22.623384,14,35,32,847,56,ON,Low Soil Moisture
2026-06-13 16:59:28.935409,79,25,55,835,54,OFF,
2026-06-13 16:59:35.185177,29,25,59,683,31,ON,Low Soil Moisture
2026-06-13 16:59:41.387670,19,25,79,799,92,ON,Low Soil Moisture
2026-06-13 16:59:47.541486,54,40,78,728,44,OFF,High Temperature
2026-06-13 16:59:53.446480,70,30,45,150,25,OFF,
2026-06-13 16:59:59.669766,24,39,60,643,68,ON,"Low Soil Moisture,High Temperature"
2026-06-13 17:00:05.841564,55,41,74,822,43,OFF,High Temperature
2026-06-13 17:00:12.005973,100,32,74,231,55,OFF,
2026-06-13 17:00:18.196380,80,23,57,997,11,OFF,Low Water Level
2026-06-13 17:00:24.361178,92,43,50,428,87,OFF,High Temperature
2026-06-13 17:00:30.206167,75,39,80,776,42,OFF,High Temperature
2026-06-13 17:00:36.355118,31,35,61,440,68,OFF,
2026-06-13 17:00:42.530227,12,43,46,732,90,ON,"Low Soil Moisture,High Temperature"
2026-06-13 17:00:48.698829,85,26,73,159,25,OFF,
2026-06-13 17:00:54.823468,69,27,42,920,19,OFF,Low Water Level
2026-06-13 17:01:00.743827,58,36,78,491,47,OFF,High Temperature
2026-06-13 17:01:07.105358,37,38,39,741,13,OFF,"High Temperature,Low Water Level"
2026-06-13 17:01:13.337751,59,40,42,269,88,OFF,High Temperature
2026-06-13 17:01:19.229924,93,41,71,466,79,OFF,High Temperature
2026-06-13 17:01:25.162453,41,20,60,740,15,OFF,Low Water Level
2026-06-13 17:01:31.030415,20,26,75,766,45,ON,Low Soil Moisture
2026-06-13 17:01:37.252187,61,22,70,413,55,OFF,
2026-06-13 17:01:43.104180,43,33,77,492,83,OFF,
2026-06-13 17:01:49.422809,38,25,81,392,48,OFF,
2026-06-13 17:01:55.686006,22,22,56,885,50,ON,Low Soil Moisture
2026-06-13 17:02:01.895571,33,40,81,396,29,OFF,High Temperature
2026-06-13 17:02:07.755325,68,20,63,560,64,OFF,
2026-06-13 17:02:13.684014,67,37,72,858,68,OFF,High Temperature
2026-06-13 17:02:19.522889,16,34,36,306,12,ON,"Low Soil Moisture,Low Water Level"
2026-06-13 17:02:25.417986,22,22,33,986,26,ON,Low Soil Moisture
2026-06-13 17:02:31.285437,48,26,47,165,50,OFF,
2026-06-13 17:02:37.416287,67,31,46,268,56,OFF,
2026-06-13 17:02:43.842335,30,37,43,101,51,OFF,High Temperature
2026-06-13 17:02:50.089693,52,27,68,507,66,OFF,
2026-06-13 17:02:56.306676,87,38,72,328,26,OFF,High Temperature
2026-06-13 17:03:02.522128,48,42,60,525,45,OFF,High Temperature
2026-06-13 17:03:08.740176,100,43,40,292,68,OFF,High Temperature
2026-06-13 17:03:14.924819,96,20,33,432,77,OFF,
2026-06-13 17:03:21.083748,97,36,50,279,34,OFF,High Temperature
2026-06-13 17:03:27.176870,69,36,64,605,62,OFF,High Temperature
2026-06-13 17:03:33.361221,33,23,66,779,77,OFF,
2026-06-13 17:03:39.602010,32,37,69,443,71,OFF,High Temperature
2026-06-13 17:03:45.745339,21,20,42,439,41,ON,Low Soil Moisture
2026-06-13 17:03:51.995441,87,33,42,123,79,OFF,
2026-06-13 17:03:58.142610,19,40,87,696,86,ON,"Low Soil Moisture,High Temperature"
2026-06-13 17:04:04.219043,46,26,42,114,84,OFF,
2026-06-13 17:04:10.348227,13,27,81,871,36,ON,Low Soil Moisture
2026-06-13 17:04:16.434232,18,41,56,105,22,ON,"Low Soil Moisture,High Temperature"
2026-06-13 17:04:22.746141,93,43,76,940,54,OFF,High Temperature
2026-06-13 17:04:28.903358,77,29,88,702,40,OFF,
2026-06-13 17:04:35.126383,12,25,81,379,95,ON,Low Soil Moisture
2026-06-13 17:04:41.288531,51,44,87,667,65,OFF,High Temperature
2026-06-13 17:04:47.535891,33,28,79,405,17,OFF,Low Water Level
2026-06-13 17:04:53.727556,13,27,81,424,28,ON,Low Soil Moisture
2026-06-13 17:04:59.826300,98,21,65,603,46,OFF,
2026-06-13 17:05:05.992939,78,45,81,272,49,OFF,High Temperature
2026-06-13 17:05:12.183976,69,22,34,245,81,OFF,
2026-06-13 17:05:18.280782,84,45,89,422,22,OFF,High Temperature
2026-06-13 17:05:24.500552,51,21,39,247,92,OFF,
2026-06-13 17:05:30.639403,23,37,30,299,49,ON,"Low Soil Moisture,High Temperature"
2026-06-13 17:05:36.730064,73,23,56,790,36,OFF,
2026-06-13 17:05:42.904656,30,32,90,218,62,OFF,
2026-06-13 17:05:49.997435,76,34,76,848,19,OFF,Low Water Level
2026-06-13 17:05:56.138485,21,45,71,258,83,ON,"Low Soil Moisture,High Temperature"
2026-06-13 17:06:02.293634,87,43,78,518,86,OFF,High Temperature
2026-06-13 17:06:08.498352,48,30,64,879,33,OFF,
2026-06-13 17:06:14.658074,68,37,45,184,24,OFF,High Temperature
2026-06-13 17:06:20.766333,69,20,49,343,43,OFF,
2026-06-13 17:06:26.995349,97,30,48,602,49,OFF,
2026-06-13 17:06:33.161561,31,35,37,205,21,OFF,
2026-06-13 17:06:39.300866,20,36,77,271,86,ON,"Low Soil Moisture,High Temperature"
2026-06-13 17:06:45.458594,21,26,69,846,26,ON,Low Soil Moisture
2026-06-13 17:06:51.713022,15,45,76,465,64,ON,"Low Soil Moisture,High Temperature"
2026-06-13 17:06:57.878349,86,20,60,576,99,OFF,
2026-06-13 17:07:04.021937,92,38,33,463,28,OFF,High Temperature
2026-06-13 17:07:10.157737,22,41,44,720,85,ON,"Low Soil Moisture,High Temperature"
2026-06-13 17:07:16.320377,44,32,40,839,26,OFF,
2026-06-13 17:07:22.484341,79,44,58,902,28,OFF,High Temperature
2026-06-13 17:07:28.602459,21,40,86,433,60,ON,"Low Soil Moisture,High Temperature"
2026-06-13 17:07:34.751399,47,21,70,877,91,OFF,
2026-06-13 17:07:40.897305,48,22,35,646,48,OFF,
2026-06-13 17:07:47.050894,89,26,72,624,10,OFF,Low Water Level
2026-06-13 17:07:53.247811,81,26,48,912,48,OFF,
2026-06-13 17:07:59.460856,35,27,75,292,94,OFF,
2026-06-13 17:08:06.258289,62,34,70,625,24,OFF,
2026-06-13 17:08:12.392481,64,29,40,150,39,OFF,
2026-06-13 17:08:18.561646,51,29,52,112,72,OFF,
2026-06-13 17:08:24.730828,56,25,62,531,66,OFF,
2026-06-13 17:08:30.929046,87,33,60,445,51,OFF,
2026-06-13 17:08:37.047722,60,23,53,913,52,OFF,
2026-06-13 17:08:43.270085,26,35,87,788,53,ON,Low Soil Moisture
2026-06-13 17:08:49.430237,56,31,65,518,66,OFF,
2026-06-13 17:08:57.412323,94,39,73,114,16,OFF,"High Temperature,Low Water Level"
2026-06-13 17:09:04.285751,81,27,73,581,41,OFF,
2026-06-13 17:09:11.051937,40,31,54,279,17,OFF,Low Water Level
2026-06-13 17:09:17.901793,55,26,79,453,30,OFF,
2026-06-13 17:09:24.943014,20,34,74,119,100,ON,Low Soil Moisture
2026-06-13 17:09:31.542319,23,25,40,942,42,ON,Low Soil Moisture
2026-06-13 17:09:38.229635,59,29,67,747,56,OFF,
2026-06-13 17:09:44.937389,10,37,68,939,52,ON,"Low Soil Moisture,High Temperature"
2026-06-13 17:09:51.802264,10,42,70,597,88,ON,"Low Soil Moisture,High Temperature"
2026-06-13 17:09:58.659471,44,35,40,105,11,OFF,Low Water Level
2026-06-13 17:10:05.617358,85,43,30,387,90,OFF,High Temperature
2026-06-13 17:10:12.368748,53,23,86,328,97,OFF,
2026-06-13 17:10:18.996433,42,21,77,408,72,OFF,
2026-06-13 17:10:25.833664,94,34,38,263,64,OFF,
2026-06-13 17:10:32.713411,49,35,61,976,44,OFF,
2026-06-13 17:10:39.548928,67,20,50,555,32,OFF,
2026-06-13 17:10:46.410211,48,28,33,201,17,OFF,Low Water Level
2026-06-13 17:10:53.147158,24,21,48,185,86,ON,Low Soil Moisture
2026-06-13 17:11:00.006025,26,29,30,347,73,ON,Low Soil Moisture
2026-06-13 17:11:06.690838,44,20,80,384,81,OFF,
2026-06-13 17:11:13.622584,66,45,39,902,98,OFF,High Temperature
2026-06-13 17:11:20.381958,99,36,44,592,80,OFF,High Temperature
2026-06-13 17:11:27.545951,57,23,84,383,23,OFF,
2026-06-13 17:11:34.617398,43,42,56,305,39,OFF,High Temperature
2026-06-13 17:11:41.376157,13,32,68,154,30,ON,Low Soil Moisture
2026-06-13 17:11:48.340396,35,43,59,391,40,OFF,High Temperature
2026-06-13 17:11:55.187049,32,36,87,268,45,OFF,High Temperature
2026-06-13 17:12:01.880965,40,42,84,551,48,OFF,High Temperature
2026-06-13 17:12:08.713758,62,43,88,311,35,OFF,High Temperature
2026-06-13 17:12:15.403708,100,20,46,585,92,OFF,
2026-06-13 17:12:22.312622,38,43,37,759,84,OFF,High Temperature
2026-06-13 17:12:29.304194,78,21,38,622,11,OFF,Low Water Level
2026-06-13 17:12:36.151917,50,24,42,741,13,OFF,Low Water Level
2026-06-13 17:12:43.013767,89,27,74,843,22,OFF,
2026-06-13 17:12:49.879847,53,31,64,452,19,OFF,Low Water Level
2026-06-13 17:12:56.727079,40,30,74,712,54,OFF,
2026-06-13 17:13:03.519186,99,28,63,546,54,OFF,
2026-06-13 17:13:10.460648,17,25,38,756,43,ON,Low Soil Moisture
2026-06-13 17:13:17.310564,43,39,38,315,78,OFF,High Temperature
2026-06-13 17:13:24.176172,11,31,55,965,48,ON,Low Soil Moisture
2026-06-13 17:13:30.958024,30,36,80,491,58,OFF,High Temperature
2026-06-13 17:13:37.791453,34,26,88,920,15,OFF,Low Water Level
2026-06-13 17:13:44.566332,15,26,40,602,59,ON,Low Soil Moisture
2026-06-13 17:13:51.237567,40,21,54,971,91,OFF,
2026-06-13 17:13:58.097966,20,30,33,364,71,ON,Low Soil Moisture
2026-06-13 17:14:04.960599,11,24,72,852,81,ON,Low Soil Moisture
2026-06-13 17:14:11.804363,65,30,88,709,57,OFF,
2026-06-13 17:14:18.656790,13,40,88,161,22,ON,"Low Soil Moisture,High Temperature"
2026-06-13 17:14:25.638873,13,26,46,993,17,ON,"Low Soil Moisture,Low Water Level"
2026-06-13 17:14:32.316239,88,20,38,489,73,OFF,
2026-06-13 17:14:39.346429,20,36,60,769,58,ON,"Low Soil Moisture,High Temperature"
2026-06-13 17:14:46.104179,34,43,39,785,46,OFF,High Temperature
2026-06-13 17:14:53.063866,36,31,58,354,87,OFF,
2026-06-13 17:14:59.894935,44,27,63,910,19,OFF,Low Water Level
2026-06-13 17:15:06.579409,100,22,47,597,95,OFF,
2026-06-13 17:15:13.410512,42,25,50,517,61,OFF,
2026-06-13 17:15:20.244429,27,28,31,951,21,ON,Low Soil Moisture
2026-06-13 17:15:27.156151,24,45,49,956,12,ON,"Low Soil Moisture,High Temperature,Low Water Level"
2026-06-13 17:15:33.458788,16,37,59,916,54,ON,"Low Soil Moisture,High Temperature"
2026-06-13 17:15:40.275328,74,28,73,280,58,OFF,
2026-06-13 17:15:46.920250,95,38,81,159,50,OFF,High Temperature
2026-06-13 17:15:53.680629,24,29,41,158,14,ON,"Low Soil Moisture,Low Water Level"
2026-06-13 17:16:00.553059,29,28,43,725,89,ON,Low Soil Moisture
2026-06-13 17:16:07.228451,34,32,51,204,68,OFF,
2026-06-13 17:16:13.966307,23,29,35,950,41,ON,Low Soil Moisture
2026-06-13 17:16:20.635294,75,29,60,106,32,OFF,
2026-06-13 17:16:27.246298,94,25,57,577,97,OFF,
2026-06-13 17:16:34.160606,62,22,87,963,89,OFF,
2026-06-13 17:16:41.091326,71,42,46,416,39,OFF,High Temperature
2026-06-13 17:16:47.958979,100,32,70,131,87,OFF,
2026-06-13 17:16:54.721632,97,34,55,825,76,OFF,
2026-06-13 17:17:01.675267,72,21,60,698,78,OFF,
2026-06-13 17:17:08.307466,52,25,38,160,84,OFF,
2026-06-13 17:17:14.913275,66,37,60,331,82,OFF,High Temperature
2026-06-13 17:17:21.961537,23,45,58,854,38,ON,"Low Soil Moisture,High Temperature"
2026-06-13 17:17:28.631199,98,41,64,727,64,OFF,High Temperature
2026-06-13 17:17:35.470981,20,42,42,282,29,ON,"Low Soil Moisture,High Temperature"
2026-06-13 17:17:42.178281,29,29,46,543,62,ON,Low Soil Moisture
2026-06-13 17:17:48.897836,80,33,89,491,89,OFF,
2026-06-13 17:17:55.658868,21,40,30,450,69,ON,"Low Soil Moisture,High Temperature"
2026-06-13 17:18:02.395937,37,37,51,785,68,OFF,High Temperature
2026-06-13 17:18:09.084741,70,32,88,153,27,OFF,
2026-06-13 17:18:15.814589,22,21,51,923,74,ON,Low Soil Moisture
2026-06-13 17:18:22.565841,68,25,58,152,11,OFF,Low Water Level
2026-06-13 17:18:29.247785,15,31,74,805,59,ON,Low Soil Moisture
2026-06-13 17:18:35.899236,22,43,53,452,39,ON,"Low Soil Moisture,High Temperature"
2026-06-13 17:18:42.573724,67,41,38,448,43,OFF,High Temperature
2026-06-13 17:18:49.408450,94,31,79,165,23,OFF,
2026-06-13 17:18:56.102801,84,22,34,747,98,OFF,
2026-06-13 17:19:02.712607,29,35,66,192,19,ON,"Low Soil Moisture,Low Water Level"
2026-06-13 17:19:09.401161,50,35,41,658,25,OFF,
2026-06-13 17:19:16.129405,20,27,85,622,36,ON,Low Soil Moisture
2026-06-13 17:19:23.097408,18,32,30,939,37,ON,Low Soil Moisture
2026-06-13 17:19:29.963834,73,39,74,720,56,OFF,High Temperature
2026-06-13 17:19:36.814065,91,22,58,104,73,OFF,
2026-06-13 17:19:43.578585,18,44,47,182,16,ON,"Low Soil Moisture,High Temperature,Low Water Level"
2026-06-13 17:19:50.379692,95,36,54,787,48,OFF,High Temperature
2026-06-13 17:19:57.119912,68,27,48,459,76,OFF,
2026-06-13 17:20:03.956969,51,30,41,456,63,OFF,
2026-06-13 17:20:10.781492,75,28,37,194,89,OFF,
2026-06-13 17:20:17.499192,40,22,63,753,60,OFF,
2026-06-13 17:20:24.168449,20,43,45,297,66,ON,"Low Soil Moisture,High Temperature"
2026-06-13 17:20:31.019043,56,34,71,913,79,OFF,
2026-06-13 17:20:37.958283,77,43,68,606,64,OFF,High Temperature
2026-06-13 17:20:44.705662,89,23,32,886,63,OFF,
2026-06-13 17:20:52.176711,99,32,69,115,68,OFF,
2026-06-13 17:20:59.048882,33,28,70,278,76,OFF,
2026-06-13 17:21:05.815828,61,21,50,785,84,OFF,
2026-06-13 17:21:12.543493,25,31,72,565,46,ON,Low Soil Moisture
2026-06-13 17:21:19.322767,90,35,90,554,11,OFF,Low Water Level
2026-06-13 17:21:25.987344,97,32,61,652,98,OFF,
2026-06-13 17:21:32.733169,43,25,65,700,22,OFF,
2026-06-13 17:21:39.494592,88,21,79,485,93,OFF,
2026-06-13 17:21:46.248046,96,20,83,220,25,OFF,
2026-06-13 17:21:53.127430,35,42,84,174,31,OFF,High Temperature
2026-06-13 17:21:59.731840,22,28,57,181,91,ON,Low Soil Moisture
2026-06-13 17:22:06.525429,73,21,60,730,59,OFF,
2026-06-13 17:22:13.285236,63,25,80,431,36,OFF,
2026-06-13 17:22:20.024835,43,41,61,437,58,OFF,High Temperature
2026-06-13 17:22:26.799811,30,27,71,906,31,OFF,
2026-06-13 17:22:33.666043,10,25,68,511,47,ON,Low Soil Moisture
2026-06-13 17:22:40.525277,12,30,38,385,26,ON,Low Soil Moisture
2026-06-13 17:22:47.291150,97,37,37,382,75,OFF,High Temperature
2026-06-13 17:22:54.039441,37,22,69,164,89,OFF,
2026-06-13 17:23:00.876828,21,43,39,215,29,ON,"Low Soil Moisture,High Temperature"
2026-06-13 17:23:07.664399,31,37,75,188,38,OFF,High Temperature
2026-06-13 17:23:14.560303,65,40,84,349,59,OFF,High Temperature
2026-06-13 17:23:21.402086,19,34,82,398,18,ON,"Low Soil Moisture,Low Water Level"
2026-06-13 17:23:28.134609,92,41,63,892,15,OFF,"High Temperature,Low Water Level"
2026-06-13 17:23:34.998911,78,45,74,616,81,OFF,High Temperature
2026-06-13 17:23:41.614362,55,35,85,140,41,OFF,
2026-06-13 17:23:48.418476,15,45,74,484,47,ON,"Low Soil Moisture,High Temperature"
2026-06-13 18:27:19.355909,70,45,55,696,81,OFF,High Temperature
2026-06-13 18:27:26.293501,77,32,68,171,56,OFF,
2026-06-13 18:27:33.602186,31,27,63,260,13,OFF,Low Water Level
2026-06-13 18:27:40.674806,58,44,69,159,75,OFF,High Temperature
2026-06-13 18:27:46.941138,87,36,43,600,40,OFF,High Temperature
2026-06-13 18:27:53.832115,41,31,84,415,51,OFF,
2026-06-13 18:28:00.269633,27,30,68,574,23,ON,Low Soil Moisture
2026-06-13 18:28:06.801763,32,29,58,707,22,OFF,
2026-06-13 18:28:13.769959,39,43,75,983,47,OFF,High Temperature
2026-06-13 18:28:20.646763,55,43,46,679,60,OFF,High Temperature
2026-06-13 18:28:27.414002,98,43,37,899,13,OFF,"High Temperature,Low Water Level"
2026-06-13 18:28:33.611816,66,23,31,117,33,OFF,
2026-06-13 18:28:40.413002,69,29,87,959,18,OFF,Low Water Level
2026-06-13 18:28:46.614761,58,30,45,418,40,OFF,
2026-06-13 18:28:53.513946,15,30,43,919,46,ON,Low Soil Moisture
2026-06-13 18:29:00.266703,65,33,33,973,66,OFF,
2026-06-13 18:29:07.068734,83,23,31,310,76,OFF,
2026-06-13 18:29:13.978124,59,32,32,720,62,OFF,
2026-06-13 18:29:20.744210,89,42,56,336,41,OFF,High Temperature
2026-06-13 18:29:27.519037,32,21,77,963,46,OFF,
2026-06-13 18:29:34.099093,12,20,73,270,96,ON,Low Soil Moisture
2026-06-13 18:29:40.785946,75,28,84,237,41,OFF,
2026-06-13 18:29:46.963570,42,35,32,872,37,OFF,
2026-06-13 18:29:53.724004,41,34,82,171,14,OFF,Low Water Level
2026-06-13 18:30:00.483697,67,36,89,908,11,OFF,"High Temperature,Low Water Level"
2026-06-13 18:30:07.070113,89,21,75,487,96,OFF,
2026-06-13 18:30:13.772961,54,27,49,261,57,OFF,
2026-06-13 18:30:20.442727,13,29,41,405,87,ON,Low Soil Moisture
2026-06-13 18:30:27.126370,94,26,53,974,53,OFF,
2026-06-13 18:30:33.767458,65,45,57,694,100,OFF,High Temperature
2026-06-13 18:30:40.420448,71,23,86,434,91,OFF,
2026-06-13 18:30:46.989355,88,33,64,149,12,OFF,Low Water Level
2026-06-13 18:30:53.843714,89,33,89,773,19,OFF,Low Water Level
2026-06-13 18:31:00.400050,86,34,45,710,71,OFF,
2026-06-13 18:31:06.618380,36,22,53,602,98,OFF,
2026-06-13 18:31:13.494925,26,44,48,398,84,ON,"Low Soil Moisture,High Temperature"
2026-06-13 18:31:19.516986,75,30,84,317,92,OFF,
2026-06-13 18:31:26.186913,80,38,48,667,99,OFF,High Temperature
2026-06-13 18:31:32.742215,22,34,38,309,38,ON,Low Soil Moisture
2026-06-13 18:31:39.499244,78,30,65,148,98,OFF,
2026-06-13 18:31:46.565018,65,39,60,172,83,OFF,High Temperature
2026-06-13 18:31:53.434342,36,45,71,522,55,OFF,High Temperature
2026-06-13 18:32:00.014574,99,25,68,588,22,OFF,
2026-06-13 18:32:06.674476,21,21,42,369,74,ON,Low Soil Moisture
2026-06-13 18:32:13.398662,36,25,72,490,56,OFF,
2026-06-13 18:32:19.672123,90,33,52,969,61,OFF,
2026-06-13 18:32:26.453502,26,30,30,476,72,ON,Low Soil Moisture
2026-06-13 18:32:33.258900,90,39,60,637,34,OFF,High Temperature
2026-06-13 18:32:39.823211,29,39,38,959,98,ON,"Low Soil Moisture,High Temperature"
2026-06-13 18:32:46.393856,24,34,82,380,19,ON,"Low Soil Moisture,Low Water Level"
2026-06-13 18:32:53.025124,71,41,78,203,52,OFF,High Temperature
2026-06-13 18:32:59.597138,92,32,50,441,75,OFF,
2026-06-13 18:33:06.336903,98,44,64,323,24,OFF,High Temperature
2026-06-13 18:33:12.553176,86,24,76,875,68,OFF,
2026-06-13 18:33:18.697258,24,44,62,147,40,ON,"Low Soil Moisture,High Temperature"
2026-06-13 18:33:24.831292,78,38,57,558,11,OFF,"High Temperature,Low Water Level"
2026-06-13 18:33:30.985830,54,23,43,937,28,OFF,
2026-06-13 18:33:37.235006,45,36,79,227,87,OFF,High Temperature
2026-06-13 18:33:43.478335,72,32,53,520,14,OFF,Low Water Level
2026-06-13 18:33:49.431317,33,35,45,736,92,OFF,
2026-06-13 18:33:55.531246,51,23,47,846,45,OFF,
2026-06-13 18:34:01.807080,98,34,52,542,42,OFF,
2026-06-13 18:34:08.056183,24,39,51,773,53,ON,"Low Soil Moisture,High Temperature"
2026-06-13 18:34:14.358409,17,40,34,670,11,ON,"Low Soil Moisture,High Temperature,Low Water Level"
2026-06-13 18:34:20.358465,41,42,61,724,18,OFF,"High Temperature,Low Water Level"
2026-06-13 18:34:27.060917,76,30,87,519,62,OFF,
2026-06-13 18:34:33.704870,63,32,87,356,81,OFF,
2026-06-13 18:34:40.336365,35,27,52,141,70,OFF,
2026-06-13 18:34:47.077378,49,34,35,175,20,OFF,
2026-06-13 18:34:53.883617,91,45,30,908,38,OFF,High Temperature
2026-06-13 18:35:00.579124,90,41,47,523,75,OFF,High Temperature
2026-06-13 18:35:06.837371,65,40,86,951,59,OFF,High Temperature
2026-06-13 18:35:13.078615,30,45,83,140,32,OFF,High Temperature
2026-06-13 18:35:19.322603,44,28,83,180,98,OFF,
2026-06-13 18:35:25.476062,26,36,36,973,30,ON,"Low Soil Moisture,High Temperature"
2026-06-13 18:35:31.958260,23,34,86,616,58,ON,Low Soil Moisture
2026-06-13 18:35:38.527695,87,23,44,872,31,OFF,
2026-06-13 18:35:45.153108,21,35,61,456,82,ON,Low Soil Moisture
2026-06-13 18:35:51.429703,38,42,52,937,61,OFF,High Temperature
2026-06-13 18:35:57.979025,12,28,38,610,89,ON,Low Soil Moisture
2026-06-13 18:36:04.526193,13,43,74,102,13,ON,"Low Soil Moisture,High Temperature,Low Water Level"
2026-06-13 18:36:11.210811,67,21,56,966,62,OFF,
2026-06-13 18:36:17.910519,50,20,59,729,88,OFF,
2026-06-13 18:36:24.594125,53,34,87,720,15,OFF,Low Water Level
2026-06-13 18:36:31.200637,70,23,38,719,67,OFF,
2026-06-13 18:36:37.908849,48,44,59,824,27,OFF,High Temperature
2026-06-13 18:36:44.517923,85,39,72,277,20,OFF,High Temperature
2026-06-13 18:36:51.143601,30,38,66,326,90,OFF,High Temperature
2026-06-13 18:36:57.722723,85,28,73,209,82,OFF,
2026-06-13 18:37:04.557516,67,43,67,916,65,OFF,High Temperature
2026-06-13 18:37:10.738241,97,45,58,671,18,OFF,"High Temperature,Low Water Level"
2026-06-13 18:37:17.004214,99,21,82,424,97,OFF,
2026-06-13 18:37:23.032378,81,45,54,197,90,OFF,High Temperature
2026-06-13 18:37:29.279013,13,22,63,528,11,ON,"Low Soil Moisture,Low Water Level"
2026-06-13 18:37:35.989842,70,45,87,282,37,OFF,High Temperature
2026-06-13 18:37:42.175261,89,43,88,954,82,OFF,High Temperature
2026-06-13 18:37:48.325322,52,43,56,329,19,OFF,"High Temperature,Low Water Level"
2026-06-13 18:37:54.814281,47,31,40,131,41,OFF,
2026-06-13 18:38:01.325563,68,27,41,238,74,OFF,
2026-06-13 18:38:08.099997,38,28,49,219,91,OFF,
2026-06-13 18:38:14.720080,65,26,43,696,99,OFF,
2026-06-13 18:38:21.550827,51,32,59,985,55,OFF,
2026-06-13 18:38:28.390967,43,26,60,206,55,OFF,
2026-06-13 18:38:34.583056,92,36,35,337,81,OFF,High Temperature
2026-06-13 18:38:41.198942,18,23,40,303,51,ON,Low Soil Moisture
2026-06-13 18:38:47.834328,72,24,42,749,19,OFF,Low Water Level
2026-06-13 18:38:54.516784,46,28,35,301,40,OFF,
2026-06-13 18:39:01.259873,17,38,51,983,50,ON,"Low Soil Moisture,High Temperature"
2026-06-13 18:39:08.005873,28,38,51,611,56,ON,"Low Soil Moisture,High Temperature"
2026-06-13 18:39:14.764045,57,33,48,631,58,OFF,
2026-06-13 18:39:21.651077,62,39,34,540,31,OFF,High Temperature
2026-06-13 18:39:28.412732,15,33,59,593,24,ON,Low Soil Moisture
2026-06-13 18:39:35.041928,88,24,31,326,60,OFF,
2026-06-13 18:39:41.696621,80,41,83,815,69,OFF,High Temperature
2026-06-13 18:39:48.349582,62,24,35,499,76,OFF,
2026-06-13 18:39:55.010370,85,27,67,316,96,OFF,
2026-06-13 18:40:01.776709,86,27,58,505,31,OFF,
2026-06-13 18:40:08.525625,44,30,86,544,99,OFF,
2026-06-13 18:40:15.290282,58,20,70,223,23,OFF,
2026-06-13 18:40:21.622253,41,22,44,898,34,OFF,
2026-06-13 18:40:28.256328,88,29,55,200,32,OFF,
2026-06-13 18:40:34.949476,37,39,39,599,33,OFF,High Temperature
2026-06-13 18:40:41.810590,22,23,90,504,49,ON,Low Soil Moisture
2026-06-13 18:40:48.466131,50,33,56,377,47,OFF,
2026-06-13 18:40:55.218853,84,30,73,461,68,OFF,
2026-06-13 18:41:01.780890,40,32,49,833,10,OFF,Low Water Level
2026-06-13 18:41:08.534369,31,33,57,450,52,OFF,
2026-06-13 18:41:15.318171,71,34,63,402,25,OFF,
2026-06-13 18:41:21.727859,12,32,74,601,41,ON,Low Soil Moisture
2026-06-13 18:41:28.408077,91,40,88,158,62,OFF,High Temperature
2026-06-13 18:41:34.961766,35,20,69,103,60,OFF,
2026-06-13 18:41:41.823514,43,43,39,455,64,OFF,High Temperature
2026-06-13 18:41:48.571917,64,35,47,129,58,OFF,
2026-06-13 18:41:55.331646,64,35,46,132,11,OFF,Low Water Level
2026-06-13 18:42:02.090331,45,39,44,559,83,OFF,High Temperature
2026-06-13 18:42:08.751482,30,40,74,662,51,OFF,High Temperature
2026-06-13 18:42:15.292071,10,41,51,643,68,ON,"Low Soil Moisture,High Temperature"
2026-06-13 18:42:21.757517,50,29,73,268,77,OFF,
2026-06-13 18:42:28.651552,87,32,54,552,35,OFF,
2026-06-13 18:42:35.578228,61,38,83,513,33,OFF,High Temperature
2026-06-13 18:42:42.204263,87,42,74,708,71,OFF,High Temperature
2026-06-13 18:42:48.786295,45,27,65,638,75,OFF,
2026-06-13 18:42:55.405340,56,29,87,998,36,OFF,
2026-06-13 18:43:02.247773,49,34,59,235,90,OFF,
2026-06-13 18:43:08.960865,56,41,86,119,34,OFF,High Temperature
2026-06-13 18:43:15.718664,85,44,36,727,70,OFF,High Temperature
2026-06-13 18:43:22.478341,73,29,84,681,44,OFF,
2026-06-13 18:43:29.345454,59,45,71,208,69,OFF,High Temperature
2026-06-13 18:43:35.626924,15,26,47,335,72,ON,Low Soil Moisture
2026-06-13 18:43:41.789293,37,36,53,808,53,OFF,High Temperature
2026-06-13 18:43:48.354831,49,41,57,891,51,OFF,High Temperature
2026-06-13 18:43:55.464478,47,20,87,503,16,OFF,Low Water Level
2026-06-13 18:44:01.578565,22,31,79,224,21,ON,Low Soil Moisture
2026-06-13 18:44:08.027379,39,26,69,880,70,OFF,
2026-06-13 18:44:14.805568,68,35,77,612,46,OFF,
2026-06-13 18:44:21.469221,54,33,79,945,70,OFF,
2026-06-13 18:44:28.188677,21,20,47,675,89,ON,Low Soil Moisture
2026-06-13 18:44:34.890426,12,23,87,605,56,ON,Low Soil Moisture
2026-06-13 18:44:41.741747,68,25,46,497,88,OFF,
2026-06-13 18:44:48.282755,75,26,46,257,23,OFF,
2026-06-13 18:44:54.363803,97,44,35,156,97,OFF,High Temperature
2026-06-13 18:45:00.669357,31,40,40,924,18,OFF,"High Temperature,Low Water Level"
2026-06-13 18:45:06.675046,30,22,71,176,98,OFF,
2026-06-13 18:45:12.846788,17,38,84,306,76,ON,"Low Soil Moisture,High Temperature"
2026-06-13 18:45:18.836352,96,43,32,993,93,OFF,High Temperature
2026-06-13 18:45:24.989673,48,28,44,520,38,OFF,
2026-06-13 18:45:31.179799,18,27,73,303,60,ON,Low Soil Moisture
2026-06-13 18:45:37.270668,46,20,72,488,14,OFF,Low Water Level
2026-06-13 18:45:43.316302,47,20,57,726,33,OFF,
2026-06-13 18:45:49.412641,60,40,65,669,84,OFF,High Temperature
2026-06-13 18:45:55.471703,69,35,46,305,66,OFF,
2026-06-13 18:46:01.601768,25,28,61,459,81,ON,Low Soil Moisture
2026-06-13 18:46:07.729394,53,39,35,812,38,OFF,High Temperature
2026-06-13 18:46:13.872838,28,20,87,361,94,ON,Low Soil Moisture
2026-06-13 18:46:19.956338,91,26,44,924,14,OFF,Low Water Level
2026-06-13 18:46:26.165645,93,37,37,978,57,OFF,High Temperature
2026-06-13 18:46:32.305959,27,21,33,286,10,ON,"Low Soil Moisture,Low Water Level"
2026-06-13 18:46:38.500967,48,22,51,591,25,OFF,
2026-06-13 18:46:44.698970,97,35,47,631,36,OFF,
2026-06-13 18:46:51.411095,41,40,84,434,14,OFF,"High Temperature,Low Water Level"
2026-06-13 18:46:57.485826,26,23,47,847,21,ON,Low Soil Moisture
2026-06-13 18:47:04.182486,54,33,86,358,64,OFF,
2026-06-13 18:47:10.832826,54,32,36,288,81,OFF,
2026-06-13 18:47:17.522170,88,25,51,500,59,OFF,
2026-06-13 18:47:24.379364,81,24,39,224,15,OFF,Low Water Level
2026-06-13 18:47:31.117545,82,36,65,943,37,OFF,High Temperature
2026-06-13 18:47:37.726998,38,41,52,975,30,OFF,High Temperature
2026-06-13 18:47:44.327255,33,23,50,881,39,OFF,
2026-06-13 18:47:51.005287,49,44,49,618,59,OFF,High Temperature
2026-06-13 18:47:57.676415,42,37,57,470,82,OFF,High Temperature
2026-06-13 18:48:04.318399,39,26,78,605,26,OFF,
2026-06-13 18:48:10.901565,74,33,58,237,20,OFF,
2026-06-13 18:48:17.604639,87,40,69,946,10,OFF,"High Temperature,Low Water Level"
2026-06-13 18:48:24.250597,50,30,83,157,80,OFF,
2026-06-13 18:48:30.905941,95,30,76,870,27,OFF,
2026-06-13 18:48:37.483085,63,42,34,491,51,OFF,High Temperature
2026-06-13 18:48:44.058832,36,20,84,116,48,OFF,
2026-06-13 18:48:50.659869,52,42,89,757,81,OFF,High Temperature
2026-06-13 18:48:57.336514,31,24,65,693,70,OFF,
2026-06-13 18:49:03.925744,46,35,32,823,12,OFF,Low Water Level
2026-06-13 18:49:10.544201,36,26,81,180,22,OFF,
2026-06-13 18:49:17.196592,17,27,74,319,28,ON,Low Soil Moisture
2026-06-13 18:49:23.657426,26,32,77,554,85,ON,Low Soil Moisture
2026-06-13 18:49:30.352048,55,37,54,468,10,OFF,"High Temperature,Low Water Level"
2026-06-13 18:49:36.979840,13,42,82,934,96,ON,"Low Soil Moisture,High Temperature"
2026-06-13 18:49:43.632767,82,33,55,110,19,OFF,Low Water Level
2026-06-13 18:49:50.267231,63,41,88,165,30,OFF,High Temperature
2026-06-13 18:49:56.855829,83,38,73,387,13,OFF,"High Temperature,Low Water Level"
2026-06-13 18:50:03.419537,81,38,51,845,72,OFF,High Temperature
2026-06-13 18:50:09.959978,33,44,47,829,60,OFF,High Temperature
2026-06-13 18:50:16.596994,28,33,63,871,60,ON,Low Soil Moisture
2026-06-13 18:50:23.031125,49,26,63,871,82,OFF,
2026-06-13 18:50:29.697268,16,43,31,864,19,ON,"Low Soil Moisture,High Temperature,Low Water Level"
2026-06-13 18:50:35.848308,35,29,86,174,99,OFF,
2026-06-13 18:50:42.486251,36,32,51,487,94,OFF,
2026-06-13 18:50:49.145525,61,29,57,644,67,OFF,
2026-06-13 18:50:55.298174,89,36,63,993,40,OFF,High Temperature
2026-06-13 18:51:01.922059,83,25,37,399,69,OFF,
2026-06-13 18:51:08.624083,30,24,82,440,79,OFF,
2026-06-13 18:51:15.299700,38,44,44,416,59,OFF,High Temperature
2026-06-13 18:51:22.026927,66,40,84,879,75,OFF,High Temperature
2026-06-13 18:51:28.669822,78,31,50,294,12,OFF,Low Water Level
2026-06-13 18:51:35.442504,77,38,38,739,45,OFF,High Temperature
2026-06-13 18:51:42.101905,23,31,39,346,63,ON,Low Soil Moisture
2026-06-13 18:51:48.794712,19,25,45,841,65,ON,Low Soil Moisture
2026-06-13 18:51:55.405333,26,20,55,180,71,ON,Low Soil Moisture
2026-06-13 18:52:02.170707,11,35,72,224,97,ON,Low Soil Moisture
2026-06-13 18:52:08.895225,32,29,33,734,67,OFF,
2026-06-13 18:52:15.641132,10,22,71,710,73,ON,Low Soil Moisture
2026-06-13 18:52:22.012407,62,31,45,849,79,OFF,
2026-06-13 18:52:28.682674,11,44,61,698,58,ON,"Low Soil Moisture,High Temperature"
2026-06-13 18:52:35.448696,88,42,33,505,63,OFF,High Temperature
2026-06-13 18:52:42.100216,88,40,30,941,40,OFF,High Temperature
2026-06-13 18:52:48.862443,47,32,77,887,54,OFF,
2026-06-13 18:52:55.035014,64,25,40,700,59,OFF,
2026-06-13 18:53:01.411343,80,33,39,736,90,OFF,
2026-06-13 18:53:07.499386,60,30,35,969,67,OFF,
2026-06-13 18:53:13.625899,56,37,39,794,13,OFF,"High Temperature,Low Water Level"
2026-06-13 18:53:19.786278,100,32,74,161,18,OFF,Low Water Level
2026-06-13 18:53:25.940805,21,34,72,902,96,ON,Low Soil Moisture
2026-06-13 18:53:32.075625,98,32,71,359,43,OFF,
2026-06-13 18:53:38.263539,22,23,30,619,50,ON,Low Soil Moisture
2026-06-13 18:53:44.374121,95,44,31,931,89,OFF,High Temperature
2026-06-13 18:53:50.484538,49,26,80,963,57,OFF,
2026-06-13 18:53:56.681859,67,33,46,543,87,OFF,
2026-06-13 18:54:02.878313,73,27,83,413,47,OFF,
2026-06-13 18:54:08.704366,49,33,61,470,58,OFF,
2026-06-13 18:54:14.539718,59,44,40,988,90,OFF,High Temperature
2026-06-13 18:54:20.381669,23,37,62,851,42,ON,"Low Soil Moisture,High Temperature"
2026-06-13 18:54:26.256046,52,45,84,274,63,OFF,High Temperature
2026-06-13 18:54:32.103415,22,30,89,521,41,ON,Low Soil Moisture
2026-06-13 18:54:37.929272,51,39,64,806,81,OFF,High Temperature
2026-06-13 18:54:43.805708,37,40,36,264,94,OFF,High Temperature
2026-06-13 18:54:49.984434,87,29,84,459,49,OFF,
2026-06-13 18:54:56.125274,66,25,34,371,15,OFF,Low Water Level
2026-06-13 18:55:02.270083,100,23,51,719,71,OFF,
2026-06-13 18:55:08.439751,15,27,43,582,83,ON,Low Soil Moisture
2026-06-13 18:55:14.556399,46,21,66,472,81,OFF,
2026-06-13 18:55:20.698594,88,22,35,104,11,OFF,Low Water Level
2026-06-13 18:55:26.524777,79,28,51,132,21,OFF,
2026-06-13 18:55:32.382137,92,34,44,950,53,OFF,
2026-06-13 18:55:38.303218,71,25,62,812,86,OFF,
2026-06-13 18:55:44.505854,87,43,71,592,92,OFF,High Temperature
2026-06-13 18:55:50.389541,27,28,54,736,53,ON,Low Soil Moisture
2026-06-13 18:55:56.250047,92,29,54,911,94,OFF,
2026-06-13 18:56:02.061469,40,41,83,896,24,OFF,High Temperature
2026-06-13 18:56:07.886663,28,31,74,971,46,ON,Low Soil Moisture
2026-06-13 18:56:13.679547,87,32,43,380,62,OFF,
2026-06-13 18:56:19.536246,98,42,46,138,33,OFF,High Temperature
2026-06-13 18:56:25.671702,42,26,82,709,81,OFF,
